country,distribution
usa,0.5010148534379505
canada,0.07766676946689713
unitedkingdom,0.06654282824950333
germany,0.061224709350278635
spain,0.04754391123797775
australia,0.04226165288426367
italy,0.04041842084501789
,0.01645281828027168
france,0.012504572219552604
portugal,0.012156724928099607
newzealand,0.011192076253863974
netherlands,0.010941052435289646
switzerland,0.006318628118970946
brazil,0.006028157700334938
china,0.005343221281082128
sweden,0.005221295426346025
india,0.004669043025482504
austria,0.004120376679170043
malaysia,0.00403431136994456
argentina,0.003901627351555272
finland,0.0033816494416513063
singapore,0.003327858623385379
denmark,0.003073248750259989
mexico,0.003048146368402556
belgium,0.0029513228955238865
ireland,0.0027254014588069912
philippines,0.0026967130223984966
turkey,0.00178226911187773
poland,0.0016459990389373802
pakistan,0.001588622166120391
greece,0.0015455895115076492
iran,0.0014595242022821652
romania,0.0013017378020354446
chile,0.0012981517474843828
israel,0.001247946983769517
southafrica,0.0011833980018504042
indonesia,0.0011045048017270438
norway,0.0010650582016653637
japan,0.000975406837888818
croatia,0.0009000996923165196
nigeria,0.0008391367649484684
southkorea,0.000806862273988912
slovakia,0.0007781738375804173
czechrepublic,0.0007243830193144898
yugoslavia,0.0006383177100890058
russia,0.0006383177100890058
hongkong,0.0006203874373336967
costarica,0.0006024571645783875
taiwan,0.0005952850554762639
slovenia,0.0005271500190060891
egypt,0.00050921974625078
peru,0.0005056336916997181
vietnam,0.0005056336916997181
venezuela,0.0005020476371486564
colombia,0.00048411736439334715
bulgaria,0.0004769452552912235
luxembourg,0.00038012178241255405
hungary,0.00035501940055512123
thailand,0.00031198674594237925
ghana,0.00028688436408494644
saudiarabia,0.000233093545819019
españa,0.00022950749126795717
unitedarabemirates,0.00022592143671689533
bosniaandherzegovina,0.000211577218512648
srilanka,0.000211577218512648
iceland,0.00019723300030840068
bangladesh,0.00017930272755309153
paraguay,0.0001649585093488442
guatemala,0.0001649585093488442
andorra,0.00015778640024672054
ukraine,0.00015061429114459688
lithuania,0.00015061429114459688
bahamas,0.00014344218204247322
latvia,0.00014344218204247322
bolivia,0.0001398561274914114
jamaica,0.00013627007294034956
kuwait,0.00013268401838928772
ecuador,0.00013268401838928772
panama,0.00013268401838928772
lebanon,0.00012909796383822592
cuba,0.00012909796383822592
morocco,0.0001255119092871641
trinidadandtobago,0.0001255119092871641
lafrance,0.00012192585473610224
malta,0.00011833980018504041
macedonia,0.00011475374563397858
scotland,0.00011475374563397858
albania,0.00011116769108291675
afghanistan,0.00011116769108291675
dominicanrepublic,0.00011116769108291675
england,0.00010758163653185492
l`italia,0.00010758163653185492
urugua,0.00010399558198079309
algeria,0.00010399558198079309
deutschland,0.00010399558198079309
cyprus,9.682347287866943e-05
kenya,9.682347287866943e-05
antarctica,9.682347287866943e-05
honduras,9.682347287866943e-05
elsalvador,9.32374183276076e-05
bermuda,9.32374183276076e-05
oman,8.965136377654576e-05
uzbekistan,8.606530922548393e-05
zimbabwe,8.606530922548393e-05
belize,8.24792546744221e-05
jordan,7.889320012336027e-05
estonia,7.889320012336027e-05
nepal,7.530714557229844e-05
mauritius,7.530714557229844e-05
puertorico,7.530714557229844e-05
u.a.e,7.172109102123661e-05
uruguay,7.172109102123661e-05
grenada,6.813503647017478e-05
brunei,6.813503647017478e-05
qatar,6.813503647017478e-05
barbados,6.454898191911296e-05
burma,6.454898191911296e-05
caribbeansea,6.096292736805112e-05
nicaragua,6.096292736805112e-05
wales,6.096292736805112e-05
n/a,5.737687281698929e-05
bahrain,5.737687281698929e-05
jersey,5.737687281698929e-05
iraq,5.737687281698929e-05
georgia,5.020476371486563e-05
belarus,5.020476371486563e-05
unitedstates,4.66187091638038e-05
benin,4.66187091638038e-05
catalunya,4.66187091638038e-05
ethiopia,4.303265461274197e-05
mozambique,4.303265461274197e-05
eastafrica,4.303265461274197e-05
kazakhstan,4.303265461274197e-05
syria,4.303265461274197e-05
fiji,4.303265461274197e-05
italia,3.9446600061680136e-05
coted`ivoire,3.9446600061680136e-05
caymanislands,3.9446600061680136e-05
sudan,3.9446600061680136e-05
euskalherria,3.9446600061680136e-05
guernsey,3.9446600061680136e-05
azerbaijan,3.5860545510618304e-05
eritrea,3.5860545510618304e-05
alderney,3.5860545510618304e-05
guyana,3.5860545510618304e-05
moldova,3.227449095955648e-05
antiguaandbarbuda,3.227449095955648e-05
armenia,3.227449095955648e-05
catalonia,3.227449095955648e-05
uganda,3.227449095955648e-05
capeverde,3.227449095955648e-05
cameroon,2.8688436408494646e-05
laargentina,2.8688436408494646e-05
gabon,2.8688436408494646e-05
yemen,2.8688436408494646e-05
tunisia,2.8688436408494646e-05
papuanewguinea,2.8688436408494646e-05
brasil,2.8688436408494646e-05
botswana,2.8688436408494646e-05
monaco,2.8688436408494646e-05
öð¹ú,2.8688436408494646e-05
uk,2.5102381857432815e-05
cambodia,2.5102381857432815e-05
tanzania,2.5102381857432815e-05
dominica,2.5102381857432815e-05
laos,2.5102381857432815e-05
galiza,2.5102381857432815e-05
espaã±a,2.5102381857432815e-05
netherlandsantilles,2.1516327306370983e-05
burkinafaso,2.1516327306370983e-05
rwanda,2.1516327306370983e-05
niger,2.1516327306370983e-05
togo,2.1516327306370983e-05
saintvincentandthegrenadines,1.7930272755309152e-05
saintlucia,1.7930272755309152e-05
zambia,1.7930272755309152e-05
angola,1.7930272755309152e-05
senegal,1.7930272755309152e-05
samoa,1.7930272755309152e-05
espaã?â±a,1.7930272755309152e-05
suriname,1.4344218204247323e-05
congo,1.4344218204247323e-05
us,1.4344218204247323e-05
kyrgyzstan,1.4344218204247323e-05
northkorea,1.4344218204247323e-05
trinidad,1.4344218204247323e-05
lesotho,1.4344218204247323e-05
maricopa,1.4344218204247323e-05
korea,1.4344218204247323e-05
lombardia,1.4344218204247323e-05
mongolia,1.4344218204247323e-05
basquecountry,1.4344218204247323e-05
suisse,1.4344218204247323e-05
libya,1.4344218204247323e-05
aruba,1.4344218204247323e-05
the,1.0758163653185492e-05
bhutan,1.0758163653185492e-05
europe,1.0758163653185492e-05
lazio,1.0758163653185492e-05
namibia,1.0758163653185492e-05
quit,1.0758163653185492e-05
kosovo,1.0758163653185492e-05
tajikistan,1.0758163653185492e-05
macau,1.0758163653185492e-05
belgique,1.0758163653185492e-05
serbia,1.0758163653185492e-05
sanmarino,1.0758163653185492e-05
maldives,1.0758163653185492e-05
vanuatu,1.0758163653185492e-05
holysee,1.0758163653185492e-05
america,7.172109102123661e-06
thenetherlands,7.172109102123661e-06
space,7.172109102123661e-06
guinea,7.172109102123661e-06
turkmenistan,7.172109102123661e-06
chad,7.172109102123661e-06
guinea-bissau,7.172109102123661e-06
palau,7.172109102123661e-06
saintkittsandnevis,7.172109102123661e-06
ä¸­å?½,7.172109102123661e-06
lecanada,7.172109102123661e-06
micronesia,7.172109102123661e-06
st.vincentandthegrenadines,7.172109102123661e-06
u.s.virginislands,7.172109102123661e-06
channelislands,7.172109102123661e-06
mali,7.172109102123661e-06
polk,7.172109102123661e-06
liberia,7.172109102123661e-06
holland,7.172109102123661e-06
solomonislands,7.172109102123661e-06
nrw,7.172109102123661e-06
britishvirginislands,7.172109102123661e-06
mã?â©xico,7.172109102123661e-06
chinaöð¹ú,7.172109102123661e-06
lachineéternelle!,7.172109102123661e-06
serbiaandmontenegro,7.172109102123661e-06
djibouti,7.172109102123661e-06
p.r.china,7.172109102123661e-06
malawi,7.172109102123661e-06
haiti,7.172109102123661e-06
sardegna,7.172109102123661e-06
universe,7.172109102123661e-06
c,7.172109102123661e-06
méxico,7.172109102123661e-06
americansamoa,7.172109102123661e-06
unitedstatesofamerica,7.172109102123661e-06
sierraleone,7.172109102123661e-06
swaziland,7.172109102123661e-06
labelgique,7.172109102123661e-06
tonga,7.172109102123661e-06
\n/a\,7.172109102123661e-06
guam,7.172109102123661e-06
saotomeandprincipe,7.172109102123661e-06
marshallislands,7.172109102123661e-06
toscana,3.5860545510618307e-06
vicenza,3.5860545510618307e-06
z,3.5860545510618307e-06
unitedkingdom.,3.5860545510618307e-06
mérida,3.5860545510618307e-06
19104,3.5860545510618307e-06
lasvizzera,3.5860545510618307e-06
türkiye,3.5860545510618307e-06
swazilandia,3.5860545510618307e-06
chinapeople`srepublic,3.5860545510618307e-06
wood,3.5860545510618307e-06
unitedstated,3.5860545510618307e-06
pueblo,3.5860545510618307e-06
palmbeach,3.5860545510618307e-06
travelling,3.5860545510618307e-06
yakima,3.5860545510618307e-06
somalia,3.5860545510618307e-06
tyrtyrt,3.5860545510618307e-06
lemadagascar,3.5860545510618307e-06
comoros,3.5860545510618307e-06
?ú?{,3.5860545510618307e-06
osceola,3.5860545510618307e-06
u,3.5860545510618307e-06
espanha/galiza,3.5860545510618307e-06
bbbzzzzz,3.5860545510618307e-06
lj,3.5860545510618307e-06
gb,3.5860545510618307e-06
in,3.5860545510618307e-06
de,3.5860545510618307e-06
none,3.5860545510618307e-06
bosnia,3.5860545510618307e-06
u.s.ofa.,3.5860545510618307e-06
prc,3.5860545510618307e-06
auckland,3.5860545510618307e-06
tobago,3.5860545510618307e-06
valtesse,3.5860545510618307e-06
northcarolina,3.5860545510618307e-06
milano,3.5860545510618307e-06
madrid,3.5860545510618307e-06
02458,3.5860545510618307e-06
pistlavakia,3.5860545510618307e-06
unitedsates,3.5860545510618307e-06
greece(=hellas),3.5860545510618307e-06
can,3.5860545510618307e-06
catalunyaspain,3.5860545510618307e-06
clinton,3.5860545510618307e-06
nowhere,3.5860545510618307e-06
prchina,3.5860545510618307e-06
nederlands,3.5860545510618307e-06
canadaeh,3.5860545510618307e-06
hennipen,3.5860545510618307e-06
perãº,3.5860545510618307e-06
u.s>,3.5860545510618307e-06
hernando,3.5860545510618307e-06
lake,3.5860545510618307e-06
losestadosunidosdenorteamerica,3.5860545510618307e-06
goodoldusa!,3.5860545510618307e-06
myanmar,3.5860545510618307e-06
h.u.g.,3.5860545510618307e-06
lachineeternelle!,3.5860545510618307e-06
philippine,3.5860545510618307e-06
isreal,3.5860545510618307e-06
effingham,3.5860545510618307e-06
csa,3.5860545510618307e-06
mordor,3.5860545510618307e-06
hamilton,3.5860545510618307e-06
lornsenland,3.5860545510618307e-06
vaticancity,3.5860545510618307e-06
5057chadwickct.,3.5860545510618307e-06
polska,3.5860545510618307e-06
indiai,3.5860545510618307e-06
hampden,3.5860545510618307e-06
lleida,3.5860545510618307e-06
unitedkindgdom,3.5860545510618307e-06
u.s.a!,3.5860545510618307e-06
berguedà,3.5860545510618307e-06
st.thomasi,3.5860545510618307e-06
onondaganation,3.5860545510618307e-06
everywhereandanywhere,3.5860545510618307e-06
87510,3.5860545510618307e-06
monterrey,3.5860545510618307e-06
roma,3.5860545510618307e-06
uusa,3.5860545510618307e-06
kz,3.5860545510618307e-06
nomore,3.5860545510618307e-06
maroc,3.5860545510618307e-06
granville,3.5860545510618307e-06
europa,3.5860545510618307e-06
autralia,3.5860545510618307e-06
st.helena,3.5860545510618307e-06
fredonia-landofthebraveandfree,3.5860545510618307e-06
allen,3.5860545510618307e-06
ussurfing,3.5860545510618307e-06
usa(currentlylivinginengland),3.5860545510618307e-06
queenspark,3.5860545510618307e-06
rmi,3.5860545510618307e-06
itlay,3.5860545510618307e-06
westyorkshire,3.5860545510618307e-06
yanhill,3.5860545510618307e-06
victoria,3.5860545510618307e-06
windham,3.5860545510618307e-06
commonwealthofnorthernmarianaislands,3.5860545510618307e-06
23232,3.5860545510618307e-06
venturacounty,3.5860545510618307e-06
vorce,3.5860545510618307e-06
malaysian,3.5860545510618307e-06
clackamas,3.5860545510618307e-06
x,3.5860545510618307e-06
livingston,3.5860545510618307e-06
republicofkorea,3.5860545510618307e-06
marrion,3.5860545510618307e-06
we`reglobal!,3.5860545510618307e-06
ust,3.5860545510618307e-06
uae,3.5860545510618307e-06
goteborg,3.5860545510618307e-06
phippines,3.5860545510618307e-06
collin,3.5860545510618307e-06
bladen,3.5860545510618307e-06
hornyonic,3.5860545510618307e-06
dekalb,3.5860545510618307e-06
shelby,3.5860545510618307e-06
copenhagen,3.5860545510618307e-06
hereandthere,3.5860545510618307e-06
n/a-ontheroad,3.5860545510618307e-06
u.s.a.,3.5860545510618307e-06
&#20013;&#22269;,3.5860545510618307e-06
geermany,3.5860545510618307e-06
pakistan.,3.5860545510618307e-06
*,3.5860545510618307e-06
republicofpanama,3.5860545510618307e-06
johnson,3.5860545510618307e-06
u.,3.5860545510618307e-06
faroeislands,3.5860545510618307e-06
buncombe,3.5860545510618307e-06
palestine,3.5860545510618307e-06
côted,3.5860545510618307e-06
01776,3.5860545510618307e-06
orense,3.5860545510618307e-06
euskadi,3.5860545510618307e-06
philippinies,3.5860545510618307e-06
heaven,3.5860545510618307e-06
italien,3.5860545510618307e-06
pinallas,3.5860545510618307e-06
85021,3.5860545510618307e-06
srilanka\n/a\,3.5860545510618307e-06
yunling,3.5860545510618307e-06
id,3.5860545510618307e-06
zhengjiang,3.5860545510618307e-06
germay,3.5860545510618307e-06
der,3.5860545510618307e-06
turkei,3.5860545510618307e-06
dublin,3.5860545510618307e-06
pr,3.5860545510618307e-06
essex,3.5860545510618307e-06
worcester,3.5860545510618307e-06
citrus.,3.5860545510618307e-06
moçambique,3.5860545510618307e-06
bih,3.5860545510618307e-06
cadd0,3.5860545510618307e-06
evilempire,3.5860545510618307e-06
thailoand,3.5860545510618307e-06
algérie,3.5860545510618307e-06
aroostook,3.5860545510618307e-06
usa&canada,3.5860545510618307e-06
unknown,3.5860545510618307e-06
pippo,3.5860545510618307e-06
russianfederation,3.5860545510618307e-06
equatorialgeuinea,3.5860545510618307e-06
chian,3.5860545510618307e-06
asturies,3.5860545510618307e-06
rice,3.5860545510618307e-06
strongbadia,3.5860545510618307e-06
fairyland,3.5860545510618307e-06
u.k.,3.5860545510618307e-06
canda,3.5860545510618307e-06
courtenay,3.5860545510618307e-06
northernireland,3.5860545510618307e-06
ohio,3.5860545510618307e-06
inputerror,3.5860545510618307e-06
pender,3.5860545510618307e-06
maine,3.5860545510618307e-06
fortaleza,3.5860545510618307e-06
fulton,3.5860545510618307e-06
amalurra,3.5860545510618307e-06
unitedstaes,3.5860545510618307e-06
phillipines,3.5860545510618307e-06
r.o.c.,3.5860545510618307e-06
lkjlj,3.5860545510618307e-06
cnina,3.5860545510618307e-06
englanduk,3.5860545510618307e-06
bkk,3.5860545510618307e-06
sardinia,3.5860545510618307e-06
slo,3.5860545510618307e-06
hillsborough,3.5860545510618307e-06
bademnwürtemberg,3.5860545510618307e-06
frome,3.5860545510618307e-06
rsa,3.5860545510618307e-06
belgi,3.5860545510618307e-06
phila,3.5860545510618307e-06
ferrara,3.5860545510618307e-06
xinyu,3.5860545510618307e-06
washtenaw,3.5860545510618307e-06
spotsylvania,3.5860545510618307e-06
morgan,3.5860545510618307e-06
capemay,3.5860545510618307e-06
thegambia,3.5860545510618307e-06
slovakrepublik,3.5860545510618307e-06
diy,3.5860545510618307e-06
doodedoo,3.5860545510618307e-06
cass,3.5860545510618307e-06
cn,3.5860545510618307e-06
trinidad/tobago.,3.5860545510618307e-06
trinidad&tobago,3.5860545510618307e-06
&#32654;&#22269;,3.5860545510618307e-06
madagascar,3.5860545510618307e-06
hungaryandusa,3.5860545510618307e-06
unitestates,3.5860545510618307e-06
disgruntledstatesofamerica,3.5860545510618307e-06
fernandodelamora,3.5860545510618307e-06
english,3.5860545510618307e-06
monroe,3.5860545510618307e-06
antigua&barbuda,3.5860545510618307e-06
framingham,3.5860545510618307e-06
dauphin,3.5860545510618307e-06
fortbend,3.5860545510618307e-06
sanbernardino,3.5860545510618307e-06
fifi,3.5860545510618307e-06
country,3.5860545510618307e-06
solano,3.5860545510618307e-06
bell,3.5860545510618307e-06
st.clair,3.5860545510618307e-06
lane,3.5860545510618307e-06
ysa,3.5860545510618307e-06
queensland,3.5860545510618307e-06
bfe,3.5860545510618307e-06
goodoldu.s.a.,3.5860545510618307e-06
austbritania,3.5860545510618307e-06
thing,3.5860545510618307e-06
sultanateofoman,3.5860545510618307e-06
minnehaha,3.5860545510618307e-06
santabarbara,3.5860545510618307e-06
l,3.5860545510618307e-06
burkinafasu,3.5860545510618307e-06
saudiaarabia,3.5860545510618307e-06
c.a.,3.5860545510618307e-06
rutherford,3.5860545510618307e-06
cook,3.5860545510618307e-06
nyc,3.5860545510618307e-06
k1c7b1,3.5860545510618307e-06
distritofederal,3.5860545510618307e-06
houston,3.5860545510618307e-06
unitedkindgonm,3.5860545510618307e-06
davidson,3.5860545510618307e-06
nyhamnsläge,3.5860545510618307e-06
camden,3.5860545510618307e-06
burlington,3.5860545510618307e-06
kiribati,3.5860545510618307e-06
butler,3.5860545510618307e-06
-------,3.5860545510618307e-06
calabria,3.5860545510618307e-06
fred,3.5860545510618307e-06
repsanmarino,3.5860545510618307e-06
az,3.5860545510618307e-06
pasco,3.5860545510618307e-06
a,3.5860545510618307e-06
unitedstate,3.5860545510618307e-06
galizaneghra,3.5860545510618307e-06
princewilliam,3.5860545510618307e-06
exactlywhereiam,3.5860545510618307e-06
petrolwarnation,3.5860545510618307e-06
adsgfdr,3.5860545510618307e-06
jackson,3.5860545510618307e-06
serbia&montenegro,3.5860545510618307e-06
singapore/unitedkingdom,3.5860545510618307e-06
texas,3.5860545510618307e-06
deutschesreich,3.5860545510618307e-06
rep.sanmarino,3.5860545510618307e-06
thegreatwhitenorth,3.5860545510618307e-06
u.s.a>,3.5860545510618307e-06
california,3.5860545510618307e-06
saintloius,3.5860545510618307e-06
capetown,3.5860545510618307e-06
bucks,3.5860545510618307e-06
nz,3.5860545510618307e-06
lecce,3.5860545510618307e-06
london,3.5860545510618307e-06
s.africa,3.5860545510618307e-06
missouri,3.5860545510618307e-06
nh,3.5860545510618307e-06
pa,3.5860545510618307e-06
isleofman,3.5860545510618307e-06
richmondcountry,3.5860545510618307e-06
ua,3.5860545510618307e-06
sicilia,3.5860545510618307e-06
inyourheart,3.5860545510618307e-06
somewhereinspace,3.5860545510618307e-06
mauritania,3.5860545510618307e-06
sanfranicsco,3.5860545510618307e-06
phils,3.5860545510618307e-06
unit,3.5860545510618307e-06
l`algérie,3.5860545510618307e-06
ilcanada,3.5860545510618307e-06
ahrensburg,3.5860545510618307e-06
hidalgo,3.5860545510618307e-06
newlondon,3.5860545510618307e-06
my,3.5860545510618307e-06
unitedstatedofamerica,3.5860545510618307e-06
faraway...,3.5860545510618307e-06
_brasil,3.5860545510618307e-06
-,3.5860545510618307e-06
ee.uu,3.5860545510618307e-06
neverland,3.5860545510618307e-06
saintluica,3.5860545510618307e-06
whatcom,3.5860545510618307e-06
afganstandholla!!,3.5860545510618307e-06
carter,3.5860545510618307e-06
orangeco,3.5860545510618307e-06
liushi,3.5860545510618307e-06
bruneidarussalam,3.5860545510618307e-06
kern,3.5860545510618307e-06
nl,3.5860545510618307e-06
ouranos,3.5860545510618307e-06
lawrenceville,3.5860545510618307e-06
henry,3.5860545510618307e-06
rosario,3.5860545510618307e-06
cherokee,3.5860545510618307e-06
bavaria,3.5860545510618307e-06
europe.,3.5860545510618307e-06
rosello,3.5860545510618307e-06
fontana,3.5860545510618307e-06
lee,3.5860545510618307e-06
people`srepublicofchina,3.5860545510618307e-06
wonderfulusa,3.5860545510618307e-06
ukrain,3.5860545510618307e-06
aaa,3.5860545510618307e-06
ventura,3.5860545510618307e-06
30064,3.5860545510618307e-06
baden-württemberg,3.5860545510618307e-06
basilicata,3.5860545510618307e-06
tdzimi,3.5860545510618307e-06
baxter,3.5860545510618307e-06
thephilippines,3.5860545510618307e-06
australii,3.5860545510618307e-06
alachua,3.5860545510618307e-06
catalunya(catalonia),3.5860545510618307e-06
liaoning,3.5860545510618307e-06
aotearoa,3.5860545510618307e-06
w.malaysia,3.5860545510618307e-06
cananda,3.5860545510618307e-06
baltimore,3.5860545510618307e-06
harvatija,3.5860545510618307e-06
rapides,3.5860545510618307e-06
sanmateo,3.5860545510618307e-06
lasuisse,3.5860545510618307e-06
ksa,3.5860545510618307e-06
oakland,3.5860545510618307e-06
s.corea,3.5860545510618307e-06
unitedstatea,3.5860545510618307e-06
homeofthevan!!,3.5860545510618307e-06
.,3.5860545510618307e-06
uyo,3.5860545510618307e-06
xxxxxx,3.5860545510618307e-06
dfg,3.5860545510618307e-06
bernalillo,3.5860545510618307e-06
smith,3.5860545510618307e-06
vanwert,3.5860545510618307e-06
theworldtomorrow,3.5860545510618307e-06
maracopa,3.5860545510618307e-06
p.r.c,3.5860545510618307e-06
